{
  "age": 43.50945363213064,
  "education": 13.621951219512194,
  "sleep": 7.8636029580634785
}