{
  "cols": [
    "age",
    "education",
    "sleep"
  ],
  "mean": [
    43.50945363213064,
    13.621951219512194,
    7.8636029580634785
  ],
  "scale": [
    18.742925566780627,
    4.443341500470577,
    13.936719397986977
  ],
  "var": [
    351.29725880187897,
    19.743283689804123,
    194.23214757822646
  ]
}